model,layer,subject,rsa_All pairs,rsa_Both in RSR,rsa_One in RSR,rsa_Neither in RSR
vanilla,0,M01,-0.0246081279719775,-0.07554803291189395,-0.01239271803092509,-0.028597484261704463
vanilla,0,M02,0.05207967480763647,0.07368655490179223,0.05929298061637564,0.03522922724252338
vanilla,0,M03,0.01590123740597648,-0.025240728081395068,0.013776095457001933,0.020552881448686274
vanilla,0,M04,0.03167385437838303,0.10746834962043893,0.04329159087837769,0.010149688094308707
vanilla,0,M05,0.043625739479069864,0.1120244031740211,0.033253603790844945,0.040903022656198794
vanilla,0,M06,0.0174066114595178,-0.014654934589031112,0.012079978162100045,0.025551265995322724
vanilla,0,M07,0.022038322128209813,-0.022569652601184,-0.005806787757584838,0.04944261173174416
vanilla,0,M08,0.027403111012861466,0.0015059445568209027,0.030242368046820373,0.022610752329762892
vanilla,0,M09,0.020801722417914423,0.08802335692316658,0.0033452265652742542,0.021365092984376353
vanilla,0,M10,0.018063977605361898,-0.002485369642714187,0.02785515208979221,0.014146475733895438
vanilla,1,M01,-0.03143491347472073,-0.09185746787371649,-0.020161838356578456,-0.03560704192235637
vanilla,1,M02,0.06308448754269208,0.09946739338552536,0.07049014783371484,0.03260811389902383
vanilla,1,M03,0.0070963960636544155,-0.03879505546863442,-0.007508702569253673,0.016804421425357388
vanilla,1,M04,0.04291551474994547,0.11590789008168206,0.05158644443431328,0.020780798206901534
vanilla,1,M05,0.032732731904319155,0.16011825290864007,0.03138391071322919,0.010808948247065589
vanilla,1,M06,0.016211232758445455,-0.0005112315176798316,0.01400736919007861,0.01998568763674278
vanilla,1,M07,0.025215906348421656,-0.01210538800744181,0.010318159911807002,0.04600683037659097
vanilla,1,M08,0.03561700814433317,0.004660789314369974,0.02880464200897246,0.03169430246927753
vanilla,1,M09,0.01758629684169007,0.11941333955082781,-0.018285085947054063,0.01863382462835111
vanilla,1,M10,0.02680635944509251,0.03175389051479157,0.026725194838248048,0.024547059702113332
vanilla,2,M01,-0.04430356509708859,-0.09853746231043618,-0.03317186329616803,-0.049916205902539874
vanilla,2,M02,0.09673705642056483,0.14063123309664796,0.11239602535589556,0.05848460720861391
vanilla,2,M03,0.016806350261038563,-0.02360111723063744,-0.0017241014972739488,0.027555454571202623
vanilla,2,M04,0.03802270501742654,0.08972203151221984,0.04348166408532966,0.02077518675062489
vanilla,2,M05,0.039795860026436744,0.1528345835342398,0.03862355092859433,0.018796354599855028
vanilla,2,M06,0.03392736095950873,0.03140110180987379,0.040712600026622754,0.029243098010386197
vanilla,2,M07,0.02545165363772638,-0.02811823520058613,0.013667461390004952,0.04645665691499822
vanilla,2,M08,0.03874898684260815,0.016244874348445064,0.04392995364381726,0.022458300125634396
vanilla,2,M09,0.03176783190782481,0.13765640546426272,0.0015193776052055026,0.02738973426364052
vanilla,2,M10,0.02390557965308526,0.013374804611915085,0.02181907077460242,0.024837838411452668
vanilla,3,M01,-0.049743276141562855,-0.07399682952050646,-0.02927137382309757,-0.06391939119627406
vanilla,3,M02,0.07127406337177562,0.13732170110944647,0.0848404216745283,0.03947398831893569
vanilla,3,M03,-0.0017107525278150966,-0.010394738346901513,-0.023351045206816648,0.009509999397061123
vanilla,3,M04,0.04583570684097382,0.1096851840032819,0.06163141113676484,0.02180130079687284
vanilla,3,M05,0.036677508677011014,0.17996228922343172,0.04257348267544756,0.011751750629757399
vanilla,3,M06,0.03641021395684411,0.03187586949311802,0.040418706851253816,0.03409271049916488
vanilla,3,M07,0.02032116008404131,-0.01114895387826672,0.015316807769648128,0.029650924741962535
vanilla,3,M08,0.02227625328174547,-0.030075093216302765,0.002402426339803391,0.03252535717877635
vanilla,3,M09,0.03700080705595308,0.17654447986465144,0.018189827138707464,0.02663273160830958
vanilla,3,M10,0.033884806822040564,0.013457766844694094,0.02433574689624702,0.042936048516788464
vanilla,4,M01,-0.06589955960538248,-0.07238001041086004,-0.03990760965122879,-0.08553648323544186
vanilla,4,M02,0.06951753899347343,0.12939538432195305,0.0927440791887942,0.03571535046700225
vanilla,4,M03,-0.0015094992527194362,-0.006337771537328393,-0.01783663182765463,0.006742101575573426
vanilla,4,M04,0.04787084678536659,0.11840325739652499,0.07525324423682223,0.015385313344731347
vanilla,4,M05,0.02357481363670036,0.16886686531659972,0.03474593678340078,-0.004601915794723194
vanilla,4,M06,0.03685427478181677,0.039515706859399154,0.04505797649931071,0.03051344073888953
vanilla,4,M07,0.018603417846626846,-0.023131440612905257,0.017894843877739514,0.025539152405659137
vanilla,4,M08,0.022933369196435075,-0.03645252341613447,0.002451292718451379,0.03550632028522291
vanilla,4,M09,0.030078741588202562,0.15138552610074918,0.006722114749801102,0.026576515837536147
vanilla,4,M10,0.03133557589097116,0.02519192763603751,0.03049971427175905,0.03225393141516816
vanilla,5,M01,-0.05267315386817545,-0.06162284722634692,-0.02756286931558251,-0.07224781826883764
vanilla,5,M02,0.0632776899936012,0.1020060716489998,0.09811154412005743,0.01821142907511008
vanilla,5,M03,0.004446892268781603,0.009338098767408768,-0.011528858722931364,0.009551685181122429
vanilla,5,M04,0.04925338745497636,0.11803560130464086,0.07480568950836716,0.016668029942602875
vanilla,5,M05,0.025794164707078827,0.15668590818890507,0.023709314411260965,0.005636710113724674
vanilla,5,M06,0.02770912477224654,0.0392765300773141,0.028008029585222607,0.02575050809748092
vanilla,5,M07,0.01541279812335326,-0.03651703975937705,0.00909990672490607,0.029664547024828403
vanilla,5,M08,0.018834739618325866,-0.060045627752357285,-0.0006797136966987416,0.03078807691688724
vanilla,5,M09,0.03681052151172099,0.1508470020449113,0.007007242867460377,0.03583410269835138
vanilla,5,M10,0.031089758943086136,0.04837794594690314,0.03106667919809882,0.02735506460269872
vanilla,6,M01,-0.05651590655792416,-0.045597309261201535,-0.02915347593409434,-0.07807619113816731
vanilla,6,M02,0.054080869365880954,0.1010104953422284,0.08537412143148954,0.018584466219990194
vanilla,6,M03,0.007642097060507467,0.022074291926861306,0.001203507766966742,0.008360469795813109
vanilla,6,M04,0.057538838366750576,0.12073896446989647,0.0885741268713007,0.02390288753097262
vanilla,6,M05,0.025070350677810428,0.1364020997324977,0.019121131284972722,0.0137933819309848
vanilla,6,M06,0.02661548758859511,0.0318183773446109,0.02680459917594946,0.025743761525473616
vanilla,6,M07,0.013474362707352937,-0.028687984458231307,0.0008200635106482935,0.027671443145612047
vanilla,6,M08,0.027267054204240013,-0.06397167301635669,0.002042245152622526,0.050096148763158085
vanilla,6,M09,0.03379117079529852,0.13929623028733898,0.007734325334155961,0.03655305384477661
vanilla,6,M10,0.02787574244040293,0.04980649155122921,0.033518355801268974,0.020548239427892204
vanilla,7,M01,-0.05685728753739271,-0.030501045697477816,-0.032625472794059814,-0.07860246744891741
vanilla,7,M02,0.05719774554372813,0.11339511722547257,0.09250828867383318,0.01759805706423208
vanilla,7,M03,-0.0035862818159530002,0.005000112519926172,-0.016920042294359377,0.0025776172247800678
vanilla,7,M04,0.06531420754393279,0.12715653292535944,0.08929781812189651,0.03689311127113276
vanilla,7,M05,0.025029794296838208,0.13168537510269748,0.030318018381256032,0.006804466680322382
vanilla,7,M06,0.017545817361751884,0.014818003630888895,0.015992877124984595,0.018777111220003567
vanilla,7,M07,0.018535884345272147,0.01609307205591613,0.013464595035375507,0.022047219324361496
vanilla,7,M08,0.037675976594799855,-0.04532256880409025,0.02853653380892341,0.04697467881576291
vanilla,7,M09,0.029440697485844096,0.10633673118915854,-0.0011261039309814712,0.03820461230474708
vanilla,7,M10,0.03532467160150902,0.04475220714291247,0.03497263901706906,0.03367103766866722
vanilla,8,M01,-0.03734612278586253,-0.019161346564692868,-0.013563714877368611,-0.05904697314399936
vanilla,8,M02,0.07003022290992761,0.10469914200789408,0.10507587674293695,0.026801269179817993
vanilla,8,M03,-0.01597112516271642,-0.0031737702402134405,-0.03218691646678547,-0.009058975972413088
vanilla,8,M04,0.07167987216900862,0.1483035352285132,0.0827412638542179,0.049430053328322086
vanilla,8,M05,0.030934758988004858,0.1190813947010862,0.028231575670363274,0.01940299006817294
vanilla,8,M06,0.019079608456881003,0.0406199515906075,0.014704107296124628,0.01881584504231012
vanilla,8,M07,0.02432635594763842,0.042100138307279746,0.02639221515691595,0.020459251680323042
vanilla,8,M08,0.0548819397054179,-0.02502584084665157,0.04586097417681452,0.061562473279042844
vanilla,8,M09,0.021579182621728095,0.07488635671915506,-0.02163161733925507,0.04096461356925823
vanilla,8,M10,0.03247096522161375,0.009714018617805225,0.020866578514860113,0.04339970037605683
vanilla,9,M01,-0.01749035619192755,-0.02264817306376264,-0.003870327005085772,-0.029777719715312366
vanilla,9,M02,0.09344076646234627,0.13744978198803157,0.14195305051596183,0.0366992752937002
vanilla,9,M03,-0.02114631758163347,-0.01463632637566677,-0.04921121760403108,-0.006245115118619964
vanilla,9,M04,0.08012235816946563,0.13114927114756672,0.08216064749545594,0.0673464117126685
vanilla,9,M05,0.024367068487017775,0.1076416967119464,0.018373782055347794,0.014402592382126026
vanilla,9,M06,0.02210699982017172,0.026595143344852176,0.006112186177117794,0.03272966801972093
vanilla,9,M07,0.006033520791800934,0.06826981614244063,0.015938054158558663,-0.008638604579312297
vanilla,9,M08,0.05484412777350783,-0.0018033291879270914,0.04955601159733294,0.05390764498953786
vanilla,9,M09,0.013106340846467357,0.04242074262413437,-0.02906185021508186,0.03244117977566954
vanilla,9,M10,0.04074303291676444,-0.011082386352107681,0.020221080557063977,0.06167785258397122
vanilla,10,M01,-0.02003774479016659,-0.017680097364783327,-0.0019969846406598817,-0.039120267267399304
vanilla,10,M02,0.0931440819601997,0.11497710311731843,0.13301914532545944,0.028411350472116487
vanilla,10,M03,-0.02087689623819341,-0.033097599783961734,-0.05063106979514785,-0.007036548749598662
vanilla,10,M04,0.07616706709041046,0.1199531548189333,0.060504929990613535,0.07393440276555337
vanilla,10,M05,0.019066187601974264,0.0700974422560651,0.0023583187977584312,0.013903229393232986
vanilla,10,M06,0.024541399790397413,0.03932944026686037,0.005319718900725468,0.03621911138793345
vanilla,10,M07,-0.004709328002537467,0.09746428045720719,0.015873154910173864,-0.02887591528319768
vanilla,10,M08,0.06092226204123291,0.0077678149478848275,0.04760542042990654,0.05552884993007395
vanilla,10,M09,0.013583463195091563,-0.0024397935388475963,-0.028388714871459025,0.031099479784954576
vanilla,10,M10,0.04050022870192519,0.006012644288359425,0.0337337029690523,0.04772445183348289
vanilla,11,M01,-0.019781033269862323,-0.029031469056466922,-0.0045744981646369965,-0.037752733578170765
vanilla,11,M02,0.08732655190787711,0.12048773145441043,0.1287349585161791,0.009072171459538998
vanilla,11,M03,-0.021877565737242474,-0.06972658395775742,-0.05966353785224944,-0.0026607984666486635
vanilla,11,M04,0.0683404355358441,0.10634140168838915,0.055032927048200904,0.06328008435662312
vanilla,11,M05,0.021290236741757167,0.06515680666236016,0.010731476578787464,0.0071204168142319545
vanilla,11,M06,0.014851288462054732,0.022275647257040888,0.001820341183026907,0.02337549365602449
vanilla,11,M07,-0.004112883714585144,0.14287811952272364,0.02991423222749763,-0.03856022353778106
vanilla,11,M08,0.06081166180538537,0.023072037470242168,0.04852373333835343,0.045161184609598753
vanilla,11,M09,0.012259190571568084,-0.028474956569153085,-0.028073515617801702,0.024030864113149464
vanilla,11,M10,0.037530044087883234,0.03145676412613889,0.03832862075179149,0.03404126689875628
vanilla,12,M01,0.00307093596248517,-0.032171815344840364,0.006283228801621203,-0.00377207299619906
vanilla,12,M02,0.11946164772324624,0.1589371552232672,0.1580223712433673,0.038714402497840986
vanilla,12,M03,-0.005425637510911943,-0.09751527227424166,-0.04919386103299769,0.02353943789620638
vanilla,12,M04,0.06159865582594338,0.1137491454941672,0.055329972016473654,0.046414276008610277
vanilla,12,M05,0.015504814550143447,0.05516903628712281,-0.017562584462322856,0.013372311430990172
vanilla,12,M06,-0.00046370903199341923,0.011738336940734463,-0.006207016818570279,0.0020868993278276727
vanilla,12,M07,0.014565553491568307,0.07487875701266605,0.01813284596068684,0.013654573506948174
vanilla,12,M08,0.07135532047599086,0.07303712677970553,0.07501084011545511,0.036005090778691
vanilla,12,M09,0.001043063045265171,-0.048852890710686915,-0.046406310164251445,0.016380457818581166
vanilla,12,M10,0.0203861198833786,0.054633500465389784,0.040668526059177944,-0.00532105893897697
mlm_control,0,M01,-0.022768346121187565,-0.0771317527173562,-0.01235709637832662,-0.025049687276072978
mlm_control,0,M02,0.04533447305338271,0.06731411247049118,0.05371822905288852,0.027873408806358028
mlm_control,0,M03,0.016724394403272263,-0.02173336761809335,0.01594675832827723,0.0200673255877036
mlm_control,0,M04,0.032714977420420045,0.10611425900463764,0.04354168508042548,0.012179547079194422
mlm_control,0,M05,0.04555725667209116,0.1142209028082391,0.03610160944759521,0.04220477539755328
mlm_control,0,M06,0.017887469928670893,-0.013453627587082122,0.013871846904549156,0.024833441626192394
mlm_control,0,M07,0.023761318117756246,-0.022868328444557738,-0.0025427458458706434,0.050311576021808545
mlm_control,0,M08,0.0278206851344662,-0.00216177709175465,0.029722434238890497,0.024413284291816634
mlm_control,0,M09,0.025628589008613464,0.08820205332263963,0.0036812637130321725,0.03039175054036315
mlm_control,0,M10,0.020350878958476943,-0.0035933478219647005,0.025860440449562677,0.01994072865706233
mlm_control,1,M01,-0.032006912653465995,-0.10578505152490324,-0.024182088519136575,-0.03152291663194627
mlm_control,1,M02,0.043957000760041394,0.08794021023149222,0.0499233695821519,0.015538945058500233
mlm_control,1,M03,0.006954763964506428,-0.02646142540242475,-0.003644733459159834,0.01310848964050419
mlm_control,1,M04,0.04355527929840169,0.12220592917294901,0.0507742545303695,0.022159383841594882
mlm_control,1,M05,0.031731573962873426,0.1624748038371877,0.0345448414889294,0.0075573469412966365
mlm_control,1,M06,0.011401532565668228,0.0002108586524687425,0.012250838621712083,0.012026464710903198
mlm_control,1,M07,0.02572892137213087,-0.007070080730280144,0.01443621937267523,0.042219450616880816
mlm_control,1,M08,0.03278493055480625,-0.003281781990982911,0.022000858314689637,0.03383292979842769
mlm_control,1,M09,0.025034770830414662,0.12983751753742945,-0.010900201194747883,0.02765169197640334
mlm_control,1,M10,0.03186491412206756,0.03117513966305262,0.025639890988227828,0.03533227672212886
mlm_control,2,M01,-0.04627862834300195,-0.11480174173467358,-0.038165430591068715,-0.0488438847546675
mlm_control,2,M02,0.07611404001310144,0.12418597736099085,0.08382917486268218,0.038196817286205074
mlm_control,2,M03,0.017860771892398614,-0.013687447682845801,0.0036497471451264543,0.02284629457776326
mlm_control,2,M04,0.042902817908200185,0.10775327958693011,0.04981600563320449,0.02160086721193572
mlm_control,2,M05,0.04492156931635095,0.15690306795723943,0.04569410451214147,0.021116487945056463
mlm_control,2,M06,0.028384160631185044,0.03225657051808232,0.03655852336806939,0.021786208947310946
mlm_control,2,M07,0.02241518314215853,-0.01809574228288542,0.018001432253423395,0.03729688389022847
mlm_control,2,M08,0.03825850365253625,0.011255541606363979,0.03638503106814509,0.02599684278871802
mlm_control,2,M09,0.04237098775813351,0.14759384807448891,0.006118249296194599,0.039916095079091905
mlm_control,2,M10,0.028866779001482344,0.017906612888290582,0.02206835170001814,0.032540309451864584
mlm_control,3,M01,-0.055645329634649784,-0.08983863904751328,-0.03937879604212468,-0.06715992936091619
mlm_control,3,M02,0.05594921380596482,0.12480917542815677,0.05681104200106845,0.024178311623120563
mlm_control,3,M03,0.001168101893680786,-0.0007567979559003049,-0.01573732260404597,0.00596882369309447
mlm_control,3,M04,0.04548561311555723,0.1280953475408493,0.06387992583808202,0.01518470754874331
mlm_control,3,M05,0.04578479358636277,0.18808113682755045,0.05232513182543848,0.01742249810220069
mlm_control,3,M06,0.029039209901619536,0.03271266358275988,0.03496003633719085,0.024552055513601404
mlm_control,3,M07,0.01801326731448989,0.002265848800519141,0.01766140372090243,0.024076076219750473
mlm_control,3,M08,0.02368023578731378,-0.02938595478322206,-0.0006452474640563455,0.03394277504486777
mlm_control,3,M09,0.04609099195242882,0.17625845790149966,0.020985233012014895,0.036658955633082885
mlm_control,3,M10,0.040633754432148575,0.027104006410315528,0.027609767542095313,0.049936851500183135
mlm_control,4,M01,-0.06629275950885802,-0.08092862510610996,-0.04254687144736636,-0.08485338477768013
mlm_control,4,M02,0.056101693433983156,0.11101195994585761,0.07251114607193894,0.020863032735039082
mlm_control,4,M03,-0.0027161438117737167,0.006582541113120892,-0.016537147345722078,-0.00040458368260956135
mlm_control,4,M04,0.0501200647777301,0.13146262991901148,0.0774998592509659,0.014655489325122588
mlm_control,4,M05,0.03688045388965881,0.1752698320059056,0.0480183122874529,0.006890047486872695
mlm_control,4,M06,0.03228104340027269,0.03795986986056014,0.04125804481391262,0.025095694080306916
mlm_control,4,M07,0.022721599582956543,0.003936271665158407,0.028048484845966067,0.024305069782956795
mlm_control,4,M08,0.017361811753880105,-0.04989739289486469,-0.012285656933945273,0.03473304366614332
mlm_control,4,M09,0.039908722494162226,0.16355287754032174,0.014306184810169691,0.03380534222948878
mlm_control,4,M10,0.03804099861505753,0.027985424795923895,0.03341645992966728,0.04124281393290254
mlm_control,5,M01,-0.04905179036389315,-0.0643095279291058,-0.022872879471867294,-0.06959586142075895
mlm_control,5,M02,0.05629362765211929,0.09930715025394454,0.09133438081881423,0.006046017938086561
mlm_control,5,M03,0.003128061511313875,0.02146459625083606,-0.010469194796884145,0.0028577534661048936
mlm_control,5,M04,0.050351009483517006,0.12144150199713645,0.0705734169254914,0.019945673777080782
mlm_control,5,M05,0.04189987073335049,0.1591650652560234,0.03880865377896233,0.022415993215574994
mlm_control,5,M06,0.02358326944123722,0.03400577208775373,0.02312769199414254,0.02211703434525867
mlm_control,5,M07,0.01319709110120496,-0.01654485616079798,0.012983224559470471,0.02143181178274903
mlm_control,5,M08,0.012044432023781328,-0.07022745626387361,-0.008115074185277267,0.0227103532927922
mlm_control,5,M09,0.052451415215525855,0.17164987783287358,0.01841825869113903,0.051259442361806094
mlm_control,5,M10,0.043665400278991844,0.04690015719587062,0.038031513262168734,0.0453097605878762
mlm_control,6,M01,-0.03998241740601313,-0.036427068088574203,-0.009074160451118526,-0.06502069087690439
mlm_control,6,M02,0.05259453310556364,0.09566193259060343,0.0768268387415498,0.012671946424633592
mlm_control,6,M03,0.014102985551926283,0.029176984989841843,0.006853487623091386,0.011574643187162415
mlm_control,6,M04,0.057962375194317316,0.1251762338732199,0.08443555723165203,0.024627508386103333
mlm_control,6,M05,0.05239280017052873,0.13923722557588988,0.042117633432766886,0.043421455354957665
mlm_control,6,M06,0.029371198215081013,0.028407097830726497,0.028487028423966568,0.030223865835332087
mlm_control,6,M07,0.01589429105043286,-0.004632367887772256,0.011789827375000053,0.02404467077457392
mlm_control,6,M08,0.021181322338792843,-0.07536473979674842,-0.005348640333523689,0.0411826034294183
mlm_control,6,M09,0.04767393535631416,0.15360293599534572,0.012260551662794165,0.05097648434717109
mlm_control,6,M10,0.03551282205571979,0.04208780169635778,0.031620989131703664,0.03564750576599578
mlm_control,7,M01,-0.039073843662879464,-0.01950437370486798,-0.011611274838379735,-0.06462222754783278
mlm_control,7,M02,0.05316631088027936,0.10272355034676427,0.07435076851263854,0.012907392226670684
mlm_control,7,M03,0.011971027839971905,0.018417586163516905,-0.0020567312314560765,0.014790648293774416
mlm_control,7,M04,0.061778873493917405,0.12454311929583921,0.07747988594819034,0.03616209147318726
mlm_control,7,M05,0.05382331976379179,0.13387181803794024,0.05063982518881719,0.04026847840451448
mlm_control,7,M06,0.022464677059807595,0.012073970968383373,0.020461275061401284,0.02522109107311202
mlm_control,7,M07,0.017627011283935203,0.028435283149938144,0.01741123579084753,0.01927133013263468
mlm_control,7,M08,0.02677514532858005,-0.06994331578145457,0.008856676350777635,0.03923860465671009
mlm_control,7,M09,0.04781883177721221,0.1307571705628689,0.004471861519391117,0.05851043350166355
mlm_control,7,M10,0.043944036173888285,0.028296902086635916,0.029638782215187846,0.0544130173666314
mlm_control,8,M01,-0.012547013832484088,-0.0014482458143509759,0.0113670607738379,-0.0361256305257622
mlm_control,8,M02,0.06113343355788072,0.08404260115080214,0.06753624743437141,0.02632969635081011
mlm_control,8,M03,0.00850984398325211,0.005276623782432946,-0.010880559690689769,0.01456584937193113
mlm_control,8,M04,0.056957458659584,0.13603148491993192,0.05628371565600897,0.03918519740327202
mlm_control,8,M05,0.05940321839120402,0.1252847694872522,0.04616166693465172,0.05267643875787175
mlm_control,8,M06,0.031100541984036296,0.03407936380864824,0.026028413402819407,0.033804120483436007
mlm_control,8,M07,0.025774054070668875,0.042467654210403404,0.03096320668142238,0.0244542714160331
mlm_control,8,M08,0.03965813489531533,-0.0634195875425316,0.009424211410124873,0.05916094150396191
mlm_control,8,M09,0.031259679044839686,0.10713163835284108,-0.021864481147246557,0.046397289643119156
mlm_control,8,M10,0.03810475502830255,-0.015441865750078117,0.0041722279040755,0.06762752868232247
mlm_control,9,M01,0.010583971916706203,0.008888815925148055,0.025760025217827727,-0.008389980938866478
mlm_control,9,M02,0.088514409659694,0.1015744747256266,0.09925824398116298,0.03798943838682322
mlm_control,9,M03,0.004692172166525238,0.001047837201005965,-0.02138246372509344,0.00866059303441445
mlm_control,9,M04,0.06712526632467498,0.12054106221023811,0.0541235886303749,0.05941309115595682
mlm_control,9,M05,0.04463947210861046,0.10339111446744317,0.02483395798324903,0.03722591521078545
mlm_control,9,M06,0.02628093151706045,0.013652378357659156,0.006606144859526112,0.04128212936596267
mlm_control,9,M07,0.013248205729528442,0.07773676313743921,0.030897403142016437,0.0004088674616565142
mlm_control,9,M08,0.056655478791955746,-0.041324245166531326,0.021831145471207687,0.06976938197539272
mlm_control,9,M09,0.02791058518992373,0.05144575561926355,-0.034746105518452086,0.04791556036494502
mlm_control,9,M10,0.042351510913790545,-0.05718005143451837,-0.010470242551264322,0.09118636928275778
mlm_control,10,M01,0.015493823821295783,0.018231526164940927,0.03421484944792901,-0.008578289485798139
mlm_control,10,M02,0.09614138153902446,0.08243448112266111,0.09866726949528519,0.0366411266579678
mlm_control,10,M03,0.006925464016159876,-0.006762956669498725,-0.022541994845584733,0.008411531907926411
mlm_control,10,M04,0.061584130978827686,0.10405661264849402,0.03720799592332849,0.06004818759090811
mlm_control,10,M05,0.03692725502837023,0.06777872015777875,0.0043897559689941605,0.034457108655295096
mlm_control,10,M06,0.03135698748198322,0.02046774348850876,0.008358221303471539,0.04797386208580576
mlm_control,10,M07,0.006543709035214803,0.1039914248748723,0.035637360248296,-0.014330305063617956
mlm_control,10,M08,0.07898928040744711,-0.018501854365275093,0.034257942628709626,0.08736917951801693
mlm_control,10,M09,0.03010647559856014,-0.008046347879884794,-0.04037976494292672,0.053260177678502996
mlm_control,10,M10,0.028764700464433097,-0.06833520313166934,-0.017518176699833014,0.07015794239156002
mlm_control,11,M01,0.01644718527885568,0.013279697605465294,0.030807295630126002,-0.0058497759817909304
mlm_control,11,M02,0.09070913975072051,0.06592255456386353,0.07950648007409616,0.03041642525461666
mlm_control,11,M03,0.006820913840154777,-0.04609627057316174,-0.03341160790086329,0.013810986429189386
mlm_control,11,M04,0.048328832991594094,0.09883801225618684,0.03279749824692607,0.03650384593643456
mlm_control,11,M05,0.04621745704896899,0.09310914691081154,0.026210330749570188,0.026267432939990988
mlm_control,11,M06,0.02980805269506954,0.004527204182347209,0.015943711251829026,0.04236502242585465
mlm_control,11,M07,0.013379105748939994,0.13550752573847194,0.050822669103790026,-0.01229993681216959
mlm_control,11,M08,0.0706311550393624,-0.01568255509510516,0.021858639121448867,0.07152016406959662
mlm_control,11,M09,0.025573807807639598,-0.02825229254738103,-0.050069592455718744,0.04435032798225376
mlm_control,11,M10,0.01406700760951201,-0.06903604363707196,-0.033505952391179775,0.052013187915282005
mlm_control,12,M01,-0.02011296066004808,-0.02560824398451873,-0.010926972038293063,-0.03578482905436891
mlm_control,12,M02,0.09491496782903946,0.14606095038387737,0.10283855985133698,0.03023146496866291
mlm_control,12,M03,-0.0032300013515477997,-0.074840042779707,-0.03583367810402102,0.01057578935336133
mlm_control,12,M04,0.031541938498435736,0.10907857247998712,0.02518231764445821,0.010539646491020738
mlm_control,12,M05,0.0273714148255391,0.094935260461494,0.011447369447931538,0.007962206161587666
mlm_control,12,M06,0.014813242796233717,-0.016663566527498577,0.00874132813505845,0.022748291134629544
mlm_control,12,M07,0.007480336343872481,0.034077165058615494,0.013880844715905815,0.012364727468753207
mlm_control,12,M08,0.04101983935402792,0.04213001326997293,0.030082411029350158,0.012913648113804344
mlm_control,12,M09,-0.0058808567867083454,-0.03848169669718969,-0.061004204167421194,0.006239929719480583
mlm_control,12,M10,-0.0041075005991514256,-0.03324345512170413,-0.02159173951626316,0.004435481452717917
rsr,0,M01,-0.02070498549201237,-0.07850784559019651,-0.008997128022804678,-0.02374953294871208
rsr,0,M02,0.05370927216657915,0.07830905054948459,0.06299032089149591,0.03394695779083993
rsr,0,M03,0.01340957574448163,-0.02714252880602339,0.009377199755908845,0.0188298071407294
rsr,0,M04,0.032441725547903894,0.10208317546726203,0.042056717538463746,0.012888920064661021
rsr,0,M05,0.0449567215298224,0.11217911991709677,0.036211646887507505,0.040515181425256654
rsr,0,M06,0.015747385579257825,-0.01603301223958554,0.010978509548609705,0.023548350206829643
rsr,0,M07,0.019226898493497978,-0.021754536120925344,-0.008371680997704196,0.04657992597398352
rsr,0,M08,0.028777066112820833,0.00045000592113054116,0.03110420262494055,0.02395427698014106
rsr,0,M09,0.024486904248896473,0.0923142545038406,0.005320166985524266,0.02534606638208534
rsr,0,M10,0.020253340065058537,-0.0031424343630689676,0.027584355743919025,0.018242834189859107
rsr,1,M01,-0.0252743304926433,-0.09437368642209139,-0.014199329879383243,-0.028316641682954086
rsr,1,M02,0.0610962637585021,0.10244920094251116,0.06864204739813688,0.029070646874716485
rsr,1,M03,0.002261826586197178,-0.04361579278035261,-0.014281890002643623,0.013267459566424009
rsr,1,M04,0.04327977444141865,0.10502890286431461,0.0514993509233528,0.023106252562585722
rsr,1,M05,0.03791204245196207,0.17192121686795436,0.04249627407122507,0.01043929145350707
rsr,1,M06,0.011362316261414802,-0.0010997217990940116,0.014828200107195804,0.010432672679204037
rsr,1,M07,0.022003114381480636,-0.009362351422971257,0.008678891765079192,0.04154611296875101
rsr,1,M08,0.03967616105563751,0.00039828364687041496,0.029955022190707753,0.03881940468749381
rsr,1,M09,0.020520377806503183,0.12659245024497984,-0.015404650039563107,0.020039525553866542
rsr,1,M10,0.030993021491958685,0.025925218150312603,0.024556988674911247,0.034393099770797145
rsr,2,M01,-0.027176920093422114,-0.0970885007955712,-0.018634958506968786,-0.029754816578512113
rsr,2,M02,0.10152863026699332,0.1482319725554677,0.11036354601092264,0.06335676309580342
rsr,2,M03,0.017465620446521692,-0.01883022809080247,-0.00297391285736214,0.027773358112031188
rsr,2,M04,0.045412811873280536,0.08578133283357268,0.051661641466275804,0.028887933768044993
rsr,2,M05,0.06095252859373146,0.1774470151046011,0.06316428718310642,0.03580907106406085
rsr,2,M06,0.025943668092300948,0.024469667763705204,0.03283808748847258,0.021253063048329936
rsr,2,M07,0.02381653425127836,-0.008714915456954487,0.015980538822397042,0.04125400617400681
rsr,2,M08,0.046748488227887124,0.0003338189521185288,0.038017296415331546,0.042282327942603226
rsr,2,M09,0.04101943013743343,0.15370895559004524,0.011295977310960338,0.03259409082700786
rsr,2,M10,0.033812168732566025,0.002127349683523873,0.021691138390406182,0.04429805821584975
rsr,3,M01,-0.03117912945367226,-0.07100409461855929,-0.012925314862271295,-0.0423505380575778
rsr,3,M02,0.07687786046356229,0.14193676675283354,0.08436361947668489,0.046641877655588804
rsr,3,M03,0.004548779006719055,0.007072065507994264,-0.01663198660768001,0.013457107491607103
rsr,3,M04,0.055989296404930076,0.10573121904088012,0.07304130874477407,0.032953018736035795
rsr,3,M05,0.06090936441414242,0.19747725160672916,0.061517330725170065,0.03961998772056293
rsr,3,M06,0.0323459374976442,0.01831224537755231,0.030641713642110976,0.035704392460138915
rsr,3,M07,0.01721052963976192,-0.0009982915417111366,0.008459203809835829,0.02845409894996988
rsr,3,M08,0.036410855905690175,-0.03992735270864975,0.008573680673938884,0.05549984331097641
rsr,3,M09,0.05320530319742753,0.19594350540519898,0.03207869060340683,0.04268296056724593
rsr,3,M10,0.03758036135804547,0.008267956796775363,0.020300197695820834,0.05253318106890922
rsr,4,M01,-0.05345453763484211,-0.08099591571113884,-0.03664467102809827,-0.06806719727608736
rsr,4,M02,0.09129919028912656,0.1370588840753315,0.09300313476922042,0.05811494157125988
rsr,4,M03,0.00352395426834926,0.016410488923058873,-0.020838914677693027,0.009461771011959599
rsr,4,M04,0.06084456810627721,0.11671482396534238,0.08511932183997246,0.02886026157078602
rsr,4,M05,0.07053436235633606,0.20860325879841263,0.06581063616899653,0.046824614222614525
rsr,4,M06,0.031179940301228896,0.022390749607748155,0.03323453927082757,0.03203729059340539
rsr,4,M07,0.011311671155893432,-0.01789452714146632,0.0054926103514202716,0.0261461156775181
rsr,4,M08,0.0394899718188817,-0.04953881218063247,0.004637759290131903,0.059479424520340815
rsr,4,M09,0.047889769023263584,0.16621877341475103,0.008618783975104865,0.045773430698406045
rsr,4,M10,0.03437181480519117,0.025893336274837846,0.025815681560274754,0.03809066421748499
rsr,5,M01,-0.024997280985085225,-0.04936580449349246,-0.006163572919331316,-0.04518924088026248
rsr,5,M02,0.11606336245180779,0.1350463711217056,0.13026516592626153,0.057658249720742634
rsr,5,M03,0.02355539382379903,0.00451137760912496,-0.010189745822840735,0.0335481534605632
rsr,5,M04,0.05448488429165405,0.09579389448434698,0.07209800934666688,0.0238953816365144
rsr,5,M05,0.08786368001511144,0.19083975649950138,0.06595164649514747,0.07160354158541465
rsr,5,M06,0.017886384861796657,0.004900231717264356,-0.00021233842989880537,0.033620679853103574
rsr,5,M07,0.000504192762526194,-0.04963661966531039,-0.015184169814498298,0.03188953829319847
rsr,5,M08,0.05397038430076918,-0.05073358933768557,0.02122246492085736,0.0635529132321211
rsr,5,M09,0.04975833026663213,0.11821972817399341,-0.014908807277633232,0.05941333223199119
rsr,5,M10,0.029017608087171874,0.039549654674501986,0.019666370450522185,0.026896689496061763
rsr,6,M01,-0.02044409129479026,-0.02291037031598915,-0.006189490242095313,-0.040367873899934396
rsr,6,M02,0.12702220647300105,0.14545703196045495,0.13221991526254578,0.07429466210313525
rsr,6,M03,0.03499375451824622,0.011639614539935533,0.004700869556781527,0.043420443760810376
rsr,6,M04,0.06043521426436591,0.08976484073265596,0.07755776486476776,0.03263589331029599
rsr,6,M05,0.09141980663926497,0.16079302568294981,0.05928089253530139,0.08666371109742083
rsr,6,M06,0.018825236477040663,0.009662857098587007,-0.0052576515791214066,0.03847252185301043
rsr,6,M07,-0.0018047267882310618,-0.05498620800839362,-0.024936059839559772,0.03580639143289689
rsr,6,M08,0.0660253122580703,-0.05121612642960254,0.028442192902922346,0.08013161918799344
rsr,6,M09,0.05605650136775503,0.10702970636726282,-0.009550971995404688,0.06833996920142969
rsr,6,M10,0.025610393636741547,0.03595995176030967,0.023668332301521596,0.019081566421759677
rsr,7,M01,-0.013114120918397922,0.0010076620535956387,0.0007027028152475092,-0.03638159144544428
rsr,7,M02,0.13772566598024574,0.1538344319090278,0.14602257630432114,0.0787773593360879
rsr,7,M03,0.02929199009262318,-0.002008373696013954,-0.006236994399398716,0.040593153749320904
rsr,7,M04,0.06490734902204146,0.08764016939229279,0.07014272522144747,0.04511247063209485
rsr,7,M05,0.09425065150182961,0.15143416422227884,0.07341414347281527,0.08236233361658028
rsr,7,M06,0.01257798105287981,0.003954105151162219,-0.014637928311021025,0.03457579964093075
rsr,7,M07,0.004824430966993824,-0.024182494777046374,-0.009022515320597072,0.0341066638120994
rsr,7,M08,0.08147799394148983,-0.043794961394597785,0.05332319343809377,0.08737211190680011
rsr,7,M09,0.048845956667011414,0.0657027828575708,-0.028314624757766686,0.07019930225746085
rsr,7,M10,0.02622587820341073,0.02076175621100769,0.017737308178764382,0.026586156410423042
rsr,8,M01,0.0035307265819915666,0.01441382467772264,0.015633253230795188,-0.021256526453581618
rsr,8,M02,0.15899464327271529,0.1488816072715172,0.16330412521125906,0.09049066450958294
rsr,8,M03,0.02519754474127724,-0.0044492518531662915,-0.0089053136508362,0.03079319170172098
rsr,8,M04,0.06286844660400735,0.09422794913804201,0.05498083378750958,0.047052741949085604
rsr,8,M05,0.09948016127020465,0.1282225061249576,0.06883848870857409,0.09429758876580378
rsr,8,M06,0.011233687374012072,0.025767040958359876,-0.025265185837360534,0.03562364374795682
rsr,8,M07,0.0066960020962847045,-0.01583635692205984,-0.0019549435245121718,0.03473235454982286
rsr,8,M08,0.09778763011291848,-0.03926094698983373,0.067409921322566,0.0991905972926359
rsr,8,M09,0.04115087591195153,0.029441329343610396,-0.050671248065440044,0.0703086186838036
rsr,8,M10,0.021832318152107042,-0.00954548221428885,0.0060126141669285755,0.030247852541169195
rsr,9,M01,0.01956846598825345,0.020087654867077073,0.022252351806255437,0.001296604563903879
rsr,9,M02,0.186206148934595,0.16321395276597958,0.1952034479597148,0.11030926163356783
rsr,9,M03,0.025757718892160816,-0.01650430471724111,-0.024006170862690964,0.04449730348622479
rsr,9,M04,0.06346773774849349,0.08498928847194619,0.039603356942240514,0.059260851747153995
rsr,9,M05,0.09806430760017233,0.10495776813590636,0.06043665468007011,0.09790576961274831
rsr,9,M06,0.005651042667329907,0.022877588281105025,-0.047135793850053107,0.04278233067805721
rsr,9,M07,-0.0109863127425,-0.012102444043471794,-0.017024045652686885,0.012042582226937538
rsr,9,M08,0.1099605964017341,-0.02282356395983075,0.0839720197231339,0.10497873316654009
rsr,9,M09,0.034897149719536925,-0.009335590126431814,-0.05768386191613219,0.06648163980928523
rsr,9,M10,0.03609172540838229,-0.0038943552257758433,0.024131814638804882,0.04289449350427915
rsr,10,M01,0.020083419811190533,0.0021081069315594778,0.015463286263886948,0.0029177528264010934
rsr,10,M02,0.20321645200440988,0.14327240410074257,0.19787147552047069,0.12265989605741759
rsr,10,M03,0.02827209216362239,-0.02444188825406335,-0.02352003215836907,0.04532367594051923
rsr,10,M04,0.06191601832846983,0.08359544327501603,0.02408649904634955,0.06459374945727887
rsr,10,M05,0.08891011880022742,0.04627000133917157,0.03182056544774461,0.09903725518887364
rsr,10,M06,0.005394828546954853,0.025094275096831695,-0.05421029145095441,0.047423433874893305
rsr,10,M07,-0.025877403400606146,0.017190056485002936,-0.021446679957220532,-0.012183234922482782
rsr,10,M08,0.12744789591819286,0.00860837937734793,0.10001414153084225,0.11210797531120877
rsr,10,M09,0.04989716849673943,-0.050004474972801534,-0.04605982745930406,0.07860246222038776
rsr,10,M10,0.03920211399928275,0.017812479824808318,0.04866086352963264,0.026576240280417763
rsr,11,M01,0.03892167026422697,-0.0028802666242657145,0.021934898608021895,0.027224948152437367
rsr,11,M02,0.21102672812054435,0.12105700111892764,0.20027590172679507,0.11799175858281359
rsr,11,M03,0.03421702451262528,-0.051604220567093045,-0.0329602891875046,0.059712066586523185
rsr,11,M04,0.04314882353828565,0.031841309274482574,-0.006744014191090582,0.05423037617653874
rsr,11,M05,0.08891015861403441,0.009961732157567738,0.02886741503237487,0.09184795016407644
rsr,11,M06,-0.01366998995744499,-0.017921406491698794,-0.0853390888770105,0.037519397186575196
rsr,11,M07,-0.03929102592495736,0.018946835626095913,-0.02961459312228118,-0.023294402426558048
rsr,11,M08,0.14676287346047812,0.01562738712867963,0.11522426886688256,0.12675581556957052
rsr,11,M09,0.05271063910701986,-0.09643206323546066,-0.051065854152208254,0.07566166345418517
rsr,11,M10,0.03094083414673296,0.03864700138085928,0.05536386534847263,0.0010755918750035484
rsr,12,M01,0.06287629211672605,0.024512403200583184,0.03966669052535224,0.06129185669356793
rsr,12,M02,0.2140595150123826,0.11896438873457876,0.19339293623996454,0.13063430757033603
rsr,12,M03,0.042867304810350906,-0.050198230596492095,-0.024262831802817866,0.07609825271610313
rsr,12,M04,0.04838342385719908,0.063514392036393,0.006644038786617635,0.045643122775112795
rsr,12,M05,0.10710442218574444,0.02145358774396072,0.04933103573330765,0.11367468602781013
rsr,12,M06,-0.002383145199999533,0.010528448910973126,-0.05574541581585813,0.03720940981171138
rsr,12,M07,-0.02523346939483957,0.03620783500225593,-0.01548834298798108,-0.008181250415977883
rsr,12,M08,0.14666715617214252,0.019915938392204617,0.11636828775079483,0.12853698443976727
rsr,12,M09,0.056657260798487874,-0.09465250710996811,-0.046680014841806255,0.08314064258854476
rsr,12,M10,0.009140850840242899,-0.008534994250416232,0.02907337950591897,-0.021335533035233945
